updated_at,id,start_date,end_date,election_type,result_type,special,office,district,name_raw,last_name,first_name,suffix,middle_name,party,parent_jurisdiction,jurisdiction,division,votes,votes_type,total_votes,winner,write_in,year
2015-10-07 22:53:14.083000,la-2009-05-02-special-general,2009-05-02 00:00:00,2009-05-02 00:00:00,general,certified,True,State Senate,24,Elbert L. Guillory,,,,,D,St. Landry,,ocd-division/country:us/state:la/parish:st._landry,862,,,,,2009
2015-10-07 22:53:14.083000,la-2009-05-02-special-general,2009-05-02 00:00:00,2009-05-02 00:00:00,general,certified,True,State Senate,24,"Patricia ""Pat"" Cravins",,,,,D,St. Landry,,ocd-division/country:us/state:la/parish:st._landry,242,,,,,2009
2015-10-07 22:53:14.083000,la-2009-05-02-special-general,2009-05-02 00:00:00,2009-05-02 00:00:00,general,certified,True,State Senate,24,Elbert L. Guillory,,,,,D,St. Landry,06 16A,ocd-division/country:us/state:la/parish:st_landry/precinct:6_16a,39,,,,,2009
2015-10-07 22:53:14.083000,la-2009-05-02-special-general,2009-05-02 00:00:00,2009-05-02 00:00:00,general,certified,True,State Senate,24,"Patricia ""Pat"" Cravins",,,,,D,St. Landry,06 16A,ocd-division/country:us/state:la/parish:st_landry/precinct:6_16a,67,,,,,2009
2015-10-07 22:53:14.083000,la-2009-05-02-special-general,2009-05-02 00:00:00,2009-05-02 00:00:00,general,certified,True,State Senate,24,Elbert L. Guillory,,,,,D,St. Landry,06 16,ocd-division/country:us/state:la/parish:st_landry/precinct:6_16,19,,,,,2009
2015-10-07 22:53:14.083000,la-2009-05-02-special-general,2009-05-02 00:00:00,2009-05-02 00:00:00,general,certified,True,State Senate,24,"Patricia ""Pat"" Cravins",,,,,D,St. Landry,06 16,ocd-division/country:us/state:la/parish:st_landry/precinct:6_16,8,,,,,2009
2015-10-07 22:53:14.083000,la-2009-05-02-special-general,2009-05-02 00:00:00,2009-05-02 00:00:00,general,certified,True,State Senate,24,Elbert L. Guillory,,,,,D,St. Landry,06 15,ocd-division/country:us/state:la/parish:st_landry/precinct:6_15,85,,,,,2009
2015-10-07 22:53:14.083000,la-2009-05-02-special-general,2009-05-02 00:00:00,2009-05-02 00:00:00,general,certified,True,State Senate,24,"Patricia ""Pat"" Cravins",,,,,D,St. Landry,06 15,ocd-division/country:us/state:la/parish:st_landry/precinct:6_15,60,,,,,2009
2015-10-07 22:53:14.083000,la-2009-05-02-special-general,2009-05-02 00:00:00,2009-05-02 00:00:00,general,certified,True,State Senate,24,Elbert L. Guillory,,,,,D,St. Landry,06 11A,ocd-division/country:us/state:la/parish:st_landry/precinct:6_11a,62,,,,,2009
2015-10-07 22:53:14.083000,la-2009-05-02-special-general,2009-05-02 00:00:00,2009-05-02 00:00:00,general,certified,True,State Senate,24,"Patricia ""Pat"" Cravins",,,,,D,St. Landry,06 11A,ocd-division/country:us/state:la/parish:st_landry/precinct:6_11a,59,,,,,2009
2015-10-07 22:53:14.083000,la-2009-05-02-special-general,2009-05-02 00:00:00,2009-05-02 00:00:00,general,certified,True,State Senate,24,Elbert L. Guillory,,,,,D,St. Landry,06 11,ocd-division/country:us/state:la/parish:st_landry/precinct:6_11,78,,,,,2009
2015-10-07 22:53:14.083000,la-2009-05-02-special-general,2009-05-02 00:00:00,2009-05-02 00:00:00,general,certified,True,State Senate,24,"Patricia ""Pat"" Cravins",,,,,D,St. Landry,06 11,ocd-division/country:us/state:la/parish:st_landry/precinct:6_11,51,,,,,2009
2015-10-07 22:53:14.083000,la-2009-05-02-special-general,2009-05-02 00:00:00,2009-05-02 00:00:00,general,certified,True,State Senate,24,Elbert L. Guillory,,,,,D,St. Landry,06 10,ocd-division/country:us/state:la/parish:st_landry/precinct:6_10,80,,,,,2009
2015-10-07 22:53:14.083000,la-2009-05-02-special-general,2009-05-02 00:00:00,2009-05-02 00:00:00,general,certified,True,State Senate,24,"Patricia ""Pat"" Cravins",,,,,D,St. Landry,06 10,ocd-division/country:us/state:la/parish:st_landry/precinct:6_10,48,,,,,2009
2015-10-07 22:53:14.083000,la-2009-05-02-special-general,2009-05-02 00:00:00,2009-05-02 00:00:00,general,certified,True,State Senate,24,Elbert L. Guillory,,,,,D,St. Landry,06 08,ocd-division/country:us/state:la/parish:st_landry/precinct:6_08,43,,,,,2009
2015-10-07 22:53:14.083000,la-2009-05-02-special-general,2009-05-02 00:00:00,2009-05-02 00:00:00,general,certified,True,State Senate,24,"Patricia ""Pat"" Cravins",,,,,D,St. Landry,06 08,ocd-division/country:us/state:la/parish:st_landry/precinct:6_08,25,,,,,2009
2015-10-07 22:53:14.083000,la-2009-05-02-special-general,2009-05-02 00:00:00,2009-05-02 00:00:00,general,certified,True,State Senate,24,Elbert L. Guillory,,,,,D,St. Landry,06 05,ocd-division/country:us/state:la/parish:st_landry/precinct:6_05,11,,,,,2009
2015-10-07 22:53:14.083000,la-2009-05-02-special-general,2009-05-02 00:00:00,2009-05-02 00:00:00,general,certified,True,State Senate,24,"Patricia ""Pat"" Cravins",,,,,D,St. Landry,06 05,ocd-division/country:us/state:la/parish:st_landry/precinct:6_05,16,,,,,2009
2015-10-07 22:53:14.083000,la-2009-05-02-special-general,2009-05-02 00:00:00,2009-05-02 00:00:00,general,certified,True,State Senate,24,Elbert L. Guillory,,,,,D,St. Landry,06 03,ocd-division/country:us/state:la/parish:st_landry/precinct:6_03,102,,,,,2009
2015-10-07 22:53:14.083000,la-2009-05-02-special-general,2009-05-02 00:00:00,2009-05-02 00:00:00,general,certified,True,State Senate,24,"Patricia ""Pat"" Cravins",,,,,D,St. Landry,06 03,ocd-division/country:us/state:la/parish:st_landry/precinct:6_03,101,,,,,2009
2015-10-07 22:53:14.083000,la-2009-05-02-special-general,2009-05-02 00:00:00,2009-05-02 00:00:00,general,certified,True,State Senate,24,Elbert L. Guillory,,,,,D,St. Landry,06 01,ocd-division/country:us/state:la/parish:st_landry/precinct:6_01,70,,,,,2009
2015-10-07 22:53:14.083000,la-2009-05-02-special-general,2009-05-02 00:00:00,2009-05-02 00:00:00,general,certified,True,State Senate,24,"Patricia ""Pat"" Cravins",,,,,D,St. Landry,06 01,ocd-division/country:us/state:la/parish:st_landry/precinct:6_01,68,,,,,2009
2015-10-07 22:53:14.083000,la-2009-05-02-special-general,2009-05-02 00:00:00,2009-05-02 00:00:00,general,certified,True,State Senate,24,Elbert L. Guillory,,,,,D,St. Landry,05 08,ocd-division/country:us/state:la/parish:st_landry/precinct:5_08,69,,,,,2009
2015-10-07 22:53:14.083000,la-2009-05-02-special-general,2009-05-02 00:00:00,2009-05-02 00:00:00,general,certified,True,State Senate,24,"Patricia ""Pat"" Cravins",,,,,D,St. Landry,05 08,ocd-division/country:us/state:la/parish:st_landry/precinct:5_08,12,,,,,2009
2015-10-07 22:53:14.083000,la-2009-05-02-special-general,2009-05-02 00:00:00,2009-05-02 00:00:00,general,certified,True,State Senate,24,Elbert L. Guillory,,,,,D,St. Landry,05 06,ocd-division/country:us/state:la/parish:st_landry/precinct:5_06,29,,,,,2009
2015-10-07 22:53:14.083000,la-2009-05-02-special-general,2009-05-02 00:00:00,2009-05-02 00:00:00,general,certified,True,State Senate,24,"Patricia ""Pat"" Cravins",,,,,D,St. Landry,05 06,ocd-division/country:us/state:la/parish:st_landry/precinct:5_06,5,,,,,2009
2015-10-07 22:53:14.083000,la-2009-05-02-special-general,2009-05-02 00:00:00,2009-05-02 00:00:00,general,certified,True,State Senate,24,Elbert L. Guillory,,,,,D,St. Landry,05 05,ocd-division/country:us/state:la/parish:st_landry/precinct:5_05,184,,,,,2009
2015-10-07 22:53:14.083000,la-2009-05-02-special-general,2009-05-02 00:00:00,2009-05-02 00:00:00,general,certified,True,State Senate,24,"Patricia ""Pat"" Cravins",,,,,D,St. Landry,05 05,ocd-division/country:us/state:la/parish:st_landry/precinct:5_05,61,,,,,2009
2015-10-07 22:53:14.083000,la-2009-05-02-special-general,2009-05-02 00:00:00,2009-05-02 00:00:00,general,certified,True,State Senate,24,Elbert L. Guillory,,,,,D,St. Landry,05 03,ocd-division/country:us/state:la/parish:st_landry/precinct:5_03,142,,,,,2009
2015-10-07 22:53:14.083000,la-2009-05-02-special-general,2009-05-02 00:00:00,2009-05-02 00:00:00,general,certified,True,State Senate,24,"Patricia ""Pat"" Cravins",,,,,D,St. Landry,05 03,ocd-division/country:us/state:la/parish:st_landry/precinct:5_03,88,,,,,2009
2015-10-07 22:53:14.083000,la-2009-05-02-special-general,2009-05-02 00:00:00,2009-05-02 00:00:00,general,certified,True,State Senate,24,Elbert L. Guillory,,,,,D,St. Landry,05 02,ocd-division/country:us/state:la/parish:st_landry/precinct:5_02,114,,,,,2009
2015-10-07 22:53:14.083000,la-2009-05-02-special-general,2009-05-02 00:00:00,2009-05-02 00:00:00,general,certified,True,State Senate,24,"Patricia ""Pat"" Cravins",,,,,D,St. Landry,05 02,ocd-division/country:us/state:la/parish:st_landry/precinct:5_02,15,,,,,2009
2015-10-07 22:53:14.083000,la-2009-05-02-special-general,2009-05-02 00:00:00,2009-05-02 00:00:00,general,certified,True,State Senate,24,Elbert L. Guillory,,,,,D,St. Landry,05 01,ocd-division/country:us/state:la/parish:st_landry/precinct:5_01,60,,,,,2009
2015-10-07 22:53:14.083000,la-2009-05-02-special-general,2009-05-02 00:00:00,2009-05-02 00:00:00,general,certified,True,State Senate,24,"Patricia ""Pat"" Cravins",,,,,D,St. Landry,05 01,ocd-division/country:us/state:la/parish:st_landry/precinct:5_01,24,,,,,2009
2015-10-07 22:53:14.083000,la-2009-05-02-special-general,2009-05-02 00:00:00,2009-05-02 00:00:00,general,certified,True,State Senate,24,Elbert L. Guillory,,,,,D,St. Landry,04 12A,ocd-division/country:us/state:la/parish:st_landry/precinct:4_12a,35,,,,,2009
2015-10-07 22:53:14.083000,la-2009-05-02-special-general,2009-05-02 00:00:00,2009-05-02 00:00:00,general,certified,True,State Senate,24,"Patricia ""Pat"" Cravins",,,,,D,St. Landry,04 12A,ocd-division/country:us/state:la/parish:st_landry/precinct:4_12a,12,,,,,2009
2015-10-07 22:53:14.083000,la-2009-05-02-special-general,2009-05-02 00:00:00,2009-05-02 00:00:00,general,certified,True,State Senate,24,Elbert L. Guillory,,,,,D,St. Landry,04 11,ocd-division/country:us/state:la/parish:st_landry/precinct:4_11,31,,,,,2009
2015-10-07 22:53:14.083000,la-2009-05-02-special-general,2009-05-02 00:00:00,2009-05-02 00:00:00,general,certified,True,State Senate,24,"Patricia ""Pat"" Cravins",,,,,D,St. Landry,04 11,ocd-division/country:us/state:la/parish:st_landry/precinct:4_11,32,,,,,2009
2015-10-07 22:53:14.083000,la-2009-05-02-special-general,2009-05-02 00:00:00,2009-05-02 00:00:00,general,certified,True,State Senate,24,Elbert L. Guillory,,,,,D,St. Landry,04 10,ocd-division/country:us/state:la/parish:st_landry/precinct:4_10,26,,,,,2009
2015-10-07 22:53:14.083000,la-2009-05-02-special-general,2009-05-02 00:00:00,2009-05-02 00:00:00,general,certified,True,State Senate,24,"Patricia ""Pat"" Cravins",,,,,D,St. Landry,04 10,ocd-division/country:us/state:la/parish:st_landry/precinct:4_10,27,,,,,2009
2015-10-07 22:53:14.083000,la-2009-05-02-special-general,2009-05-02 00:00:00,2009-05-02 00:00:00,general,certified,True,State Senate,24,Elbert L. Guillory,,,,,D,St. Landry,04 08,ocd-division/country:us/state:la/parish:st_landry/precinct:4_08,12,,,,,2009
2015-10-07 22:53:14.083000,la-2009-05-02-special-general,2009-05-02 00:00:00,2009-05-02 00:00:00,general,certified,True,State Senate,24,"Patricia ""Pat"" Cravins",,,,,D,St. Landry,04 08,ocd-division/country:us/state:la/parish:st_landry/precinct:4_08,25,,,,,2009
2015-10-07 22:53:14.083000,la-2009-05-02-special-general,2009-05-02 00:00:00,2009-05-02 00:00:00,general,certified,True,State Senate,24,Elbert L. Guillory,,,,,D,St. Landry,04 06,ocd-division/country:us/state:la/parish:st_landry/precinct:4_06,24,,,,,2009
2015-10-07 22:53:14.083000,la-2009-05-02-special-general,2009-05-02 00:00:00,2009-05-02 00:00:00,general,certified,True,State Senate,24,"Patricia ""Pat"" Cravins",,,,,D,St. Landry,04 06,ocd-division/country:us/state:la/parish:st_landry/precinct:4_06,3,,,,,2009
2015-10-07 22:53:14.083000,la-2009-05-02-special-general,2009-05-02 00:00:00,2009-05-02 00:00:00,general,certified,True,State Senate,24,Elbert L. Guillory,,,,,D,St. Landry,04 04,ocd-division/country:us/state:la/parish:st_landry/precinct:4_04,16,,,,,2009
2015-10-07 22:53:14.083000,la-2009-05-02-special-general,2009-05-02 00:00:00,2009-05-02 00:00:00,general,certified,True,State Senate,24,"Patricia ""Pat"" Cravins",,,,,D,St. Landry,04 04,ocd-division/country:us/state:la/parish:st_landry/precinct:4_04,31,,,,,2009
2015-10-07 22:53:14.083000,la-2009-05-02-special-general,2009-05-02 00:00:00,2009-05-02 00:00:00,general,certified,True,State Senate,24,Elbert L. Guillory,,,,,D,St. Landry,03 06,ocd-division/country:us/state:la/parish:st_landry/precinct:3_06,76,,,,,2009
2015-10-07 22:53:14.083000,la-2009-05-02-special-general,2009-05-02 00:00:00,2009-05-02 00:00:00,general,certified,True,State Senate,24,"Patricia ""Pat"" Cravins",,,,,D,St. Landry,03 06,ocd-division/country:us/state:la/parish:st_landry/precinct:3_06,75,,,,,2009
2015-10-07 22:53:14.083000,la-2009-05-02-special-general,2009-05-02 00:00:00,2009-05-02 00:00:00,general,certified,True,State Senate,24,Elbert L. Guillory,,,,,D,St. Landry,03 04,ocd-division/country:us/state:la/parish:st_landry/precinct:3_04,62,,,,,2009
2015-10-07 22:53:14.083000,la-2009-05-02-special-general,2009-05-02 00:00:00,2009-05-02 00:00:00,general,certified,True,State Senate,24,"Patricia ""Pat"" Cravins",,,,,D,St. Landry,03 04,ocd-division/country:us/state:la/parish:st_landry/precinct:3_04,21,,,,,2009
2015-10-07 22:53:14.083000,la-2009-05-02-special-general,2009-05-02 00:00:00,2009-05-02 00:00:00,general,certified,True,State Senate,24,Elbert L. Guillory,,,,,D,St. Landry,03 02,ocd-division/country:us/state:la/parish:st_landry/precinct:3_02,57,,,,,2009
2015-10-07 22:53:14.083000,la-2009-05-02-special-general,2009-05-02 00:00:00,2009-05-02 00:00:00,general,certified,True,State Senate,24,"Patricia ""Pat"" Cravins",,,,,D,St. Landry,03 02,ocd-division/country:us/state:la/parish:st_landry/precinct:3_02,72,,,,,2009
2015-10-07 22:53:14.083000,la-2009-05-02-special-general,2009-05-02 00:00:00,2009-05-02 00:00:00,general,certified,True,State Senate,24,Elbert L. Guillory,,,,,D,St. Landry,03 01,ocd-division/country:us/state:la/parish:st_landry/precinct:3_01,53,,,,,2009
2015-10-07 22:53:14.083000,la-2009-05-02-special-general,2009-05-02 00:00:00,2009-05-02 00:00:00,general,certified,True,State Senate,24,"Patricia ""Pat"" Cravins",,,,,D,St. Landry,03 01,ocd-division/country:us/state:la/parish:st_landry/precinct:3_01,14,,,,,2009
2015-10-07 22:53:14.083000,la-2009-05-02-special-general,2009-05-02 00:00:00,2009-05-02 00:00:00,general,certified,True,State Senate,24,Elbert L. Guillory,,,,,D,St. Landry,02 07,ocd-division/country:us/state:la/parish:st_landry/precinct:2_07,19,,,,,2009
2015-10-07 22:53:14.083000,la-2009-05-02-special-general,2009-05-02 00:00:00,2009-05-02 00:00:00,general,certified,True,State Senate,24,"Patricia ""Pat"" Cravins",,,,,D,St. Landry,02 07,ocd-division/country:us/state:la/parish:st_landry/precinct:2_07,7,,,,,2009
2015-10-07 22:53:14.083000,la-2009-05-02-special-general,2009-05-02 00:00:00,2009-05-02 00:00:00,general,certified,True,State Senate,24,Elbert L. Guillory,,,,,D,St. Landry,02 05,ocd-division/country:us/state:la/parish:st_landry/precinct:2_05,51,,,,,2009
2015-10-07 22:53:14.083000,la-2009-05-02-special-general,2009-05-02 00:00:00,2009-05-02 00:00:00,general,certified,True,State Senate,24,"Patricia ""Pat"" Cravins",,,,,D,St. Landry,02 05,ocd-division/country:us/state:la/parish:st_landry/precinct:2_05,5,,,,,2009
2015-10-07 22:53:14.083000,la-2009-05-02-special-general,2009-05-02 00:00:00,2009-05-02 00:00:00,general,certified,True,State Senate,24,Elbert L. Guillory,,,,,D,St. Landry,02 04Z,ocd-division/country:us/state:la/parish:st_landry/precinct:2_04z,118,,,,,2009
2015-10-07 22:53:14.083000,la-2009-05-02-special-general,2009-05-02 00:00:00,2009-05-02 00:00:00,general,certified,True,State Senate,24,"Patricia ""Pat"" Cravins",,,,,D,St. Landry,02 04Z,ocd-division/country:us/state:la/parish:st_landry/precinct:2_04z,74,,,,,2009
2015-10-07 22:53:14.083000,la-2009-05-02-special-general,2009-05-02 00:00:00,2009-05-02 00:00:00,general,certified,True,State Senate,24,Elbert L. Guillory,,,,,D,St. Landry,02 04Y,ocd-division/country:us/state:la/parish:st_landry/precinct:2_04y,131,,,,,2009
2015-10-07 22:53:14.083000,la-2009-05-02-special-general,2009-05-02 00:00:00,2009-05-02 00:00:00,general,certified,True,State Senate,24,"Patricia ""Pat"" Cravins",,,,,D,St. Landry,02 04Y,ocd-division/country:us/state:la/parish:st_landry/precinct:2_04y,78,,,,,2009
2015-10-07 22:53:14.083000,la-2009-05-02-special-general,2009-05-02 00:00:00,2009-05-02 00:00:00,general,certified,True,State Senate,24,Elbert L. Guillory,,,,,D,St. Landry,02 01,ocd-division/country:us/state:la/parish:st_landry/precinct:2_01,101,,,,,2009
2015-10-07 22:53:14.083000,la-2009-05-02-special-general,2009-05-02 00:00:00,2009-05-02 00:00:00,general,certified,True,State Senate,24,"Patricia ""Pat"" Cravins",,,,,D,St. Landry,02 01,ocd-division/country:us/state:la/parish:st_landry/precinct:2_01,115,,,,,2009
2015-10-07 22:53:14.083000,la-2009-05-02-special-general,2009-05-02 00:00:00,2009-05-02 00:00:00,general,certified,True,State Senate,24,Elbert L. Guillory,,,,,D,St. Landry,01 29,ocd-division/country:us/state:la/parish:st_landry/precinct:1_29,184,,,,,2009
2015-10-07 22:53:14.083000,la-2009-05-02-special-general,2009-05-02 00:00:00,2009-05-02 00:00:00,general,certified,True,State Senate,24,"Patricia ""Pat"" Cravins",,,,,D,St. Landry,01 29,ocd-division/country:us/state:la/parish:st_landry/precinct:1_29,90,,,,,2009
2015-10-07 22:53:14.083000,la-2009-05-02-special-general,2009-05-02 00:00:00,2009-05-02 00:00:00,general,certified,True,State Senate,24,Elbert L. Guillory,,,,,D,St. Landry,01 28A,ocd-division/country:us/state:la/parish:st_landry/precinct:1_28a,76,,,,,2009
2015-10-07 22:53:14.083000,la-2009-05-02-special-general,2009-05-02 00:00:00,2009-05-02 00:00:00,general,certified,True,State Senate,24,"Patricia ""Pat"" Cravins",,,,,D,St. Landry,01 28A,ocd-division/country:us/state:la/parish:st_landry/precinct:1_28a,22,,,,,2009
2015-10-07 22:53:14.083000,la-2009-05-02-special-general,2009-05-02 00:00:00,2009-05-02 00:00:00,general,certified,True,State Senate,24,Elbert L. Guillory,,,,,D,St. Landry,01 28,ocd-division/country:us/state:la/parish:st_landry/precinct:1_28,129,,,,,2009
2015-10-07 22:53:14.083000,la-2009-05-02-special-general,2009-05-02 00:00:00,2009-05-02 00:00:00,general,certified,True,State Senate,24,"Patricia ""Pat"" Cravins",,,,,D,St. Landry,01 28,ocd-division/country:us/state:la/parish:st_landry/precinct:1_28,56,,,,,2009
2015-10-07 22:53:14.083000,la-2009-05-02-special-general,2009-05-02 00:00:00,2009-05-02 00:00:00,general,certified,True,State Senate,24,Elbert L. Guillory,,,,,D,St. Landry,01 26A,ocd-division/country:us/state:la/parish:st_landry/precinct:1_26a,78,,,,,2009
2015-10-07 22:53:14.083000,la-2009-05-02-special-general,2009-05-02 00:00:00,2009-05-02 00:00:00,general,certified,True,State Senate,24,"Patricia ""Pat"" Cravins",,,,,D,St. Landry,01 26A,ocd-division/country:us/state:la/parish:st_landry/precinct:1_26a,27,,,,,2009
2015-10-07 22:53:14.083000,la-2009-05-02-special-general,2009-05-02 00:00:00,2009-05-02 00:00:00,general,certified,True,State Senate,24,Elbert L. Guillory,,,,,D,St. Landry,01 26,ocd-division/country:us/state:la/parish:st_landry/precinct:1_26,53,,,,,2009
2015-10-07 22:53:14.083000,la-2009-05-02-special-general,2009-05-02 00:00:00,2009-05-02 00:00:00,general,certified,True,State Senate,24,"Patricia ""Pat"" Cravins",,,,,D,St. Landry,01 26,ocd-division/country:us/state:la/parish:st_landry/precinct:1_26,9,,,,,2009
2015-10-07 22:53:14.083000,la-2009-05-02-special-general,2009-05-02 00:00:00,2009-05-02 00:00:00,general,certified,True,State Senate,24,Elbert L. Guillory,,,,,D,St. Landry,01 25,ocd-division/country:us/state:la/parish:st_landry/precinct:1_25,108,,,,,2009
2015-10-07 22:53:14.083000,la-2009-05-02-special-general,2009-05-02 00:00:00,2009-05-02 00:00:00,general,certified,True,State Senate,24,"Patricia ""Pat"" Cravins",,,,,D,St. Landry,01 25,ocd-division/country:us/state:la/parish:st_landry/precinct:1_25,44,,,,,2009
2015-10-07 22:53:14.083000,la-2009-05-02-special-general,2009-05-02 00:00:00,2009-05-02 00:00:00,general,certified,True,State Senate,24,Elbert L. Guillory,,,,,D,St. Landry,01 24,ocd-division/country:us/state:la/parish:st_landry/precinct:1_24,88,,,,,2009
2015-10-07 22:53:14.083000,la-2009-05-02-special-general,2009-05-02 00:00:00,2009-05-02 00:00:00,general,certified,True,State Senate,24,"Patricia ""Pat"" Cravins",,,,,D,St. Landry,01 24,ocd-division/country:us/state:la/parish:st_landry/precinct:1_24,11,,,,,2009
2015-10-07 22:53:14.083000,la-2009-05-02-special-general,2009-05-02 00:00:00,2009-05-02 00:00:00,general,certified,True,State Senate,24,Elbert L. Guillory,,,,,D,St. Landry,01 23,ocd-division/country:us/state:la/parish:st_landry/precinct:1_23,181,,,,,2009
2015-10-07 22:53:14.083000,la-2009-05-02-special-general,2009-05-02 00:00:00,2009-05-02 00:00:00,general,certified,True,State Senate,24,"Patricia ""Pat"" Cravins",,,,,D,St. Landry,01 23,ocd-division/country:us/state:la/parish:st_landry/precinct:1_23,73,,,,,2009
2015-10-07 22:53:14.083000,la-2009-05-02-special-general,2009-05-02 00:00:00,2009-05-02 00:00:00,general,certified,True,State Senate,24,Elbert L. Guillory,,,,,D,St. Landry,01 22,ocd-division/country:us/state:la/parish:st_landry/precinct:1_22,131,,,,,2009
2015-10-07 22:53:14.083000,la-2009-05-02-special-general,2009-05-02 00:00:00,2009-05-02 00:00:00,general,certified,True,State Senate,24,"Patricia ""Pat"" Cravins",,,,,D,St. Landry,01 22,ocd-division/country:us/state:la/parish:st_landry/precinct:1_22,42,,,,,2009
2015-10-07 22:53:14.083000,la-2009-05-02-special-general,2009-05-02 00:00:00,2009-05-02 00:00:00,general,certified,True,State Senate,24,Elbert L. Guillory,,,,,D,St. Landry,01 21,ocd-division/country:us/state:la/parish:st_landry/precinct:1_21,111,,,,,2009
2015-10-07 22:53:14.083000,la-2009-05-02-special-general,2009-05-02 00:00:00,2009-05-02 00:00:00,general,certified,True,State Senate,24,"Patricia ""Pat"" Cravins",,,,,D,St. Landry,01 21,ocd-division/country:us/state:la/parish:st_landry/precinct:1_21,46,,,,,2009
2015-10-07 22:53:14.083000,la-2009-05-02-special-general,2009-05-02 00:00:00,2009-05-02 00:00:00,general,certified,True,State Senate,24,Elbert L. Guillory,,,,,D,St. Landry,01 20,ocd-division/country:us/state:la/parish:st_landry/precinct:1_20,116,,,,,2009
2015-10-07 22:53:14.083000,la-2009-05-02-special-general,2009-05-02 00:00:00,2009-05-02 00:00:00,general,certified,True,State Senate,24,"Patricia ""Pat"" Cravins",,,,,D,St. Landry,01 20,ocd-division/country:us/state:la/parish:st_landry/precinct:1_20,27,,,,,2009
2015-10-07 22:53:14.083000,la-2009-05-02-special-general,2009-05-02 00:00:00,2009-05-02 00:00:00,general,certified,True,State Senate,24,Elbert L. Guillory,,,,,D,St. Landry,01 19,ocd-division/country:us/state:la/parish:st_landry/precinct:1_19,64,,,,,2009
2015-10-07 22:53:14.083000,la-2009-05-02-special-general,2009-05-02 00:00:00,2009-05-02 00:00:00,general,certified,True,State Senate,24,"Patricia ""Pat"" Cravins",,,,,D,St. Landry,01 19,ocd-division/country:us/state:la/parish:st_landry/precinct:1_19,14,,,,,2009
2015-10-07 22:53:14.083000,la-2009-05-02-special-general,2009-05-02 00:00:00,2009-05-02 00:00:00,general,certified,True,State Senate,24,Elbert L. Guillory,,,,,D,St. Landry,01 18,ocd-division/country:us/state:la/parish:st_landry/precinct:1_18,79,,,,,2009
2015-10-07 22:53:14.083000,la-2009-05-02-special-general,2009-05-02 00:00:00,2009-05-02 00:00:00,general,certified,True,State Senate,24,"Patricia ""Pat"" Cravins",,,,,D,St. Landry,01 18,ocd-division/country:us/state:la/parish:st_landry/precinct:1_18,61,,,,,2009
2015-10-07 22:53:14.083000,la-2009-05-02-special-general,2009-05-02 00:00:00,2009-05-02 00:00:00,general,certified,True,State Senate,24,Elbert L. Guillory,,,,,D,St. Landry,01 17,ocd-division/country:us/state:la/parish:st_landry/precinct:1_17,327,,,,,2009
2015-10-07 22:53:14.083000,la-2009-05-02-special-general,2009-05-02 00:00:00,2009-05-02 00:00:00,general,certified,True,State Senate,24,"Patricia ""Pat"" Cravins",,,,,D,St. Landry,01 17,ocd-division/country:us/state:la/parish:st_landry/precinct:1_17,43,,,,,2009
2015-10-07 22:53:14.083000,la-2009-05-02-special-general,2009-05-02 00:00:00,2009-05-02 00:00:00,general,certified,True,State Senate,24,Elbert L. Guillory,,,,,D,St. Landry,01 16,ocd-division/country:us/state:la/parish:st_landry/precinct:1_16,208,,,,,2009
2015-10-07 22:53:14.083000,la-2009-05-02-special-general,2009-05-02 00:00:00,2009-05-02 00:00:00,general,certified,True,State Senate,24,"Patricia ""Pat"" Cravins",,,,,D,St. Landry,01 16,ocd-division/country:us/state:la/parish:st_landry/precinct:1_16,57,,,,,2009
2015-10-07 22:53:14.083000,la-2009-05-02-special-general,2009-05-02 00:00:00,2009-05-02 00:00:00,general,certified,True,State Senate,24,Elbert L. Guillory,,,,,D,St. Landry,01 15A,ocd-division/country:us/state:la/parish:st_landry/precinct:1_15a,49,,,,,2009
2015-10-07 22:53:14.083000,la-2009-05-02-special-general,2009-05-02 00:00:00,2009-05-02 00:00:00,general,certified,True,State Senate,24,"Patricia ""Pat"" Cravins",,,,,D,St. Landry,01 15A,ocd-division/country:us/state:la/parish:st_landry/precinct:1_15a,38,,,,,2009
2015-10-07 22:53:14.083000,la-2009-05-02-special-general,2009-05-02 00:00:00,2009-05-02 00:00:00,general,certified,True,State Senate,24,Elbert L. Guillory,,,,,D,St. Landry,01 15,ocd-division/country:us/state:la/parish:st_landry/precinct:1_15,88,,,,,2009
2015-10-07 22:53:14.083000,la-2009-05-02-special-general,2009-05-02 00:00:00,2009-05-02 00:00:00,general,certified,True,State Senate,24,"Patricia ""Pat"" Cravins",,,,,D,St. Landry,01 15,ocd-division/country:us/state:la/parish:st_landry/precinct:1_15,33,,,,,2009
2015-10-07 22:53:14.083000,la-2009-05-02-special-general,2009-05-02 00:00:00,2009-05-02 00:00:00,general,certified,True,State Senate,24,Elbert L. Guillory,,,,,D,St. Landry,01 14,ocd-division/country:us/state:la/parish:st_landry/precinct:1_14,113,,,,,2009
2015-10-07 22:53:14.083000,la-2009-05-02-special-general,2009-05-02 00:00:00,2009-05-02 00:00:00,general,certified,True,State Senate,24,"Patricia ""Pat"" Cravins",,,,,D,St. Landry,01 14,ocd-division/country:us/state:la/parish:st_landry/precinct:1_14,51,,,,,2009
2015-10-07 22:53:14.083000,la-2009-05-02-special-general,2009-05-02 00:00:00,2009-05-02 00:00:00,general,certified,True,State Senate,24,Elbert L. Guillory,,,,,D,St. Landry,01 13,ocd-division/country:us/state:la/parish:st_landry/precinct:1_13,151,,,,,2009
2015-10-07 22:53:14.083000,la-2009-05-02-special-general,2009-05-02 00:00:00,2009-05-02 00:00:00,general,certified,True,State Senate,24,"Patricia ""Pat"" Cravins",,,,,D,St. Landry,01 13,ocd-division/country:us/state:la/parish:st_landry/precinct:1_13,44,,,,,2009
2015-10-07 22:53:14.083000,la-2009-05-02-special-general,2009-05-02 00:00:00,2009-05-02 00:00:00,general,certified,True,State Senate,24,Elbert L. Guillory,,,,,D,St. Landry,01 12,ocd-division/country:us/state:la/parish:st_landry/precinct:1_12,138,,,,,2009
2015-10-07 22:53:14.083000,la-2009-05-02-special-general,2009-05-02 00:00:00,2009-05-02 00:00:00,general,certified,True,State Senate,24,"Patricia ""Pat"" Cravins",,,,,D,St. Landry,01 12,ocd-division/country:us/state:la/parish:st_landry/precinct:1_12,24,,,,,2009
2015-10-07 22:53:14.083000,la-2009-05-02-special-general,2009-05-02 00:00:00,2009-05-02 00:00:00,general,certified,True,State Senate,24,Elbert L. Guillory,,,,,D,St. Landry,01 11,ocd-division/country:us/state:la/parish:st_landry/precinct:1_11,84,,,,,2009
2015-10-07 22:53:14.083000,la-2009-05-02-special-general,2009-05-02 00:00:00,2009-05-02 00:00:00,general,certified,True,State Senate,24,"Patricia ""Pat"" Cravins",,,,,D,St. Landry,01 11,ocd-division/country:us/state:la/parish:st_landry/precinct:1_11,46,,,,,2009
2015-10-07 22:53:14.083000,la-2009-05-02-special-general,2009-05-02 00:00:00,2009-05-02 00:00:00,general,certified,True,State Senate,24,Elbert L. Guillory,,,,,D,St. Landry,01 10,ocd-division/country:us/state:la/parish:st_landry/precinct:1_10,322,,,,,2009
2015-10-07 22:53:14.083000,la-2009-05-02-special-general,2009-05-02 00:00:00,2009-05-02 00:00:00,general,certified,True,State Senate,24,"Patricia ""Pat"" Cravins",,,,,D,St. Landry,01 10,ocd-division/country:us/state:la/parish:st_landry/precinct:1_10,34,,,,,2009
2015-10-07 22:53:14.083000,la-2009-05-02-special-general,2009-05-02 00:00:00,2009-05-02 00:00:00,general,certified,True,State Senate,24,Elbert L. Guillory,,,,,D,St. Landry,01 09,ocd-division/country:us/state:la/parish:st_landry/precinct:1_09,115,,,,,2009
2015-10-07 22:53:14.083000,la-2009-05-02-special-general,2009-05-02 00:00:00,2009-05-02 00:00:00,general,certified,True,State Senate,24,"Patricia ""Pat"" Cravins",,,,,D,St. Landry,01 09,ocd-division/country:us/state:la/parish:st_landry/precinct:1_09,56,,,,,2009
2015-10-07 22:53:14.083000,la-2009-05-02-special-general,2009-05-02 00:00:00,2009-05-02 00:00:00,general,certified,True,State Senate,24,Elbert L. Guillory,,,,,D,St. Landry,01 08,ocd-division/country:us/state:la/parish:st_landry/precinct:1_08,46,,,,,2009
2015-10-07 22:53:14.083000,la-2009-05-02-special-general,2009-05-02 00:00:00,2009-05-02 00:00:00,general,certified,True,State Senate,24,"Patricia ""Pat"" Cravins",,,,,D,St. Landry,01 08,ocd-division/country:us/state:la/parish:st_landry/precinct:1_08,9,,,,,2009
2015-10-07 22:53:14.083000,la-2009-05-02-special-general,2009-05-02 00:00:00,2009-05-02 00:00:00,general,certified,True,State Senate,24,Elbert L. Guillory,,,,,D,St. Landry,01 07,ocd-division/country:us/state:la/parish:st_landry/precinct:1_07,105,,,,,2009
2015-10-07 22:53:14.083000,la-2009-05-02-special-general,2009-05-02 00:00:00,2009-05-02 00:00:00,general,certified,True,State Senate,24,"Patricia ""Pat"" Cravins",,,,,D,St. Landry,01 07,ocd-division/country:us/state:la/parish:st_landry/precinct:1_07,55,,,,,2009
2015-10-07 22:53:14.083000,la-2009-05-02-special-general,2009-05-02 00:00:00,2009-05-02 00:00:00,general,certified,True,State Senate,24,Elbert L. Guillory,,,,,D,St. Landry,01 06,ocd-division/country:us/state:la/parish:st_landry/precinct:1_06,71,,,,,2009
2015-10-07 22:53:14.083000,la-2009-05-02-special-general,2009-05-02 00:00:00,2009-05-02 00:00:00,general,certified,True,State Senate,24,"Patricia ""Pat"" Cravins",,,,,D,St. Landry,01 06,ocd-division/country:us/state:la/parish:st_landry/precinct:1_06,10,,,,,2009
2015-10-07 22:53:14.083000,la-2009-05-02-special-general,2009-05-02 00:00:00,2009-05-02 00:00:00,general,certified,True,State Senate,24,Elbert L. Guillory,,,,,D,St. Landry,01 05,ocd-division/country:us/state:la/parish:st_landry/precinct:1_05,81,,,,,2009
2015-10-07 22:53:14.083000,la-2009-05-02-special-general,2009-05-02 00:00:00,2009-05-02 00:00:00,general,certified,True,State Senate,24,"Patricia ""Pat"" Cravins",,,,,D,St. Landry,01 05,ocd-division/country:us/state:la/parish:st_landry/precinct:1_05,40,,,,,2009
2015-10-07 22:53:14.083000,la-2009-05-02-special-general,2009-05-02 00:00:00,2009-05-02 00:00:00,general,certified,True,State Senate,24,Elbert L. Guillory,,,,,D,St. Landry,01 04A,ocd-division/country:us/state:la/parish:st_landry/precinct:1_04a,37,,,,,2009
2015-10-07 22:53:14.083000,la-2009-05-02-special-general,2009-05-02 00:00:00,2009-05-02 00:00:00,general,certified,True,State Senate,24,"Patricia ""Pat"" Cravins",,,,,D,St. Landry,01 04A,ocd-division/country:us/state:la/parish:st_landry/precinct:1_04a,21,,,,,2009
2015-10-07 22:53:14.083000,la-2009-05-02-special-general,2009-05-02 00:00:00,2009-05-02 00:00:00,general,certified,True,State Senate,24,Elbert L. Guillory,,,,,D,St. Landry,01 04,ocd-division/country:us/state:la/parish:st_landry/precinct:1_04,126,,,,,2009
2015-10-07 22:53:14.083000,la-2009-05-02-special-general,2009-05-02 00:00:00,2009-05-02 00:00:00,general,certified,True,State Senate,24,"Patricia ""Pat"" Cravins",,,,,D,St. Landry,01 04,ocd-division/country:us/state:la/parish:st_landry/precinct:1_04,48,,,,,2009
2015-10-07 22:53:14.083000,la-2009-05-02-special-general,2009-05-02 00:00:00,2009-05-02 00:00:00,general,certified,True,State Senate,24,Elbert L. Guillory,,,,,D,St. Landry,01 03A,ocd-division/country:us/state:la/parish:st_landry/precinct:1_03a,75,,,,,2009
2015-10-07 22:53:14.083000,la-2009-05-02-special-general,2009-05-02 00:00:00,2009-05-02 00:00:00,general,certified,True,State Senate,24,"Patricia ""Pat"" Cravins",,,,,D,St. Landry,01 03A,ocd-division/country:us/state:la/parish:st_landry/precinct:1_03a,53,,,,,2009
2015-10-07 22:53:14.083000,la-2009-05-02-special-general,2009-05-02 00:00:00,2009-05-02 00:00:00,general,certified,True,State Senate,24,Elbert L. Guillory,,,,,D,St. Landry,01 03,ocd-division/country:us/state:la/parish:st_landry/precinct:1_03,63,,,,,2009
2015-10-07 22:53:14.083000,la-2009-05-02-special-general,2009-05-02 00:00:00,2009-05-02 00:00:00,general,certified,True,State Senate,24,"Patricia ""Pat"" Cravins",,,,,D,St. Landry,01 03,ocd-division/country:us/state:la/parish:st_landry/precinct:1_03,29,,,,,2009
2015-10-07 22:53:14.083000,la-2009-05-02-special-general,2009-05-02 00:00:00,2009-05-02 00:00:00,general,certified,True,State Senate,24,Elbert L. Guillory,,,,,D,St. Landry,01 02A,ocd-division/country:us/state:la/parish:st_landry/precinct:1_02a,76,,,,,2009
2015-10-07 22:53:14.083000,la-2009-05-02-special-general,2009-05-02 00:00:00,2009-05-02 00:00:00,general,certified,True,State Senate,24,"Patricia ""Pat"" Cravins",,,,,D,St. Landry,01 02A,ocd-division/country:us/state:la/parish:st_landry/precinct:1_02a,53,,,,,2009
2015-10-07 22:53:14.083000,la-2009-05-02-special-general,2009-05-02 00:00:00,2009-05-02 00:00:00,general,certified,True,State Senate,24,Elbert L. Guillory,,,,,D,St. Landry,01 02,ocd-division/country:us/state:la/parish:st_landry/precinct:1_02,104,,,,,2009
2015-10-07 22:53:14.083000,la-2009-05-02-special-general,2009-05-02 00:00:00,2009-05-02 00:00:00,general,certified,True,State Senate,24,"Patricia ""Pat"" Cravins",,,,,D,St. Landry,01 02,ocd-division/country:us/state:la/parish:st_landry/precinct:1_02,61,,,,,2009
2015-10-07 22:53:14.083000,la-2009-05-02-special-general,2009-05-02 00:00:00,2009-05-02 00:00:00,general,certified,True,State Senate,24,Elbert L. Guillory,,,,,D,St. Landry,01 01,ocd-division/country:us/state:la/parish:st_landry/precinct:1_01,93,,,,,2009
2015-10-07 22:53:14.083000,la-2009-05-02-special-general,2009-05-02 00:00:00,2009-05-02 00:00:00,general,certified,True,State Senate,24,"Patricia ""Pat"" Cravins",,,,,D,St. Landry,01 01,ocd-division/country:us/state:la/parish:st_landry/precinct:1_01,41,,,,,2009
2015-10-07 22:53:14.083000,la-2009-05-02-special-general,2009-05-02 00:00:00,2009-05-02 00:00:00,general,certified,True,State Senate,24,Elbert L. Guillory,,,,,D,Lafayette,,ocd-division/country:us/state:la/parish:lafayette,79,,,,,2009
2015-10-07 22:53:14.083000,la-2009-05-02-special-general,2009-05-02 00:00:00,2009-05-02 00:00:00,general,certified,True,State Senate,24,"Patricia ""Pat"" Cravins",,,,,D,Lafayette,,ocd-division/country:us/state:la/parish:lafayette,127,,,,,2009
2015-10-07 22:53:14.083000,la-2009-05-02-special-general,2009-05-02 00:00:00,2009-05-02 00:00:00,general,certified,True,State Senate,24,Elbert L. Guillory,,,,,D,Lafayette,00 068,ocd-division/country:us/state:la/parish:lafayette/precinct:_068,25,,,,,2009
2015-10-07 22:53:14.083000,la-2009-05-02-special-general,2009-05-02 00:00:00,2009-05-02 00:00:00,general,certified,True,State Senate,24,"Patricia ""Pat"" Cravins",,,,,D,Lafayette,00 068,ocd-division/country:us/state:la/parish:lafayette/precinct:_068,24,,,,,2009
2015-10-07 22:53:14.083000,la-2009-05-02-special-general,2009-05-02 00:00:00,2009-05-02 00:00:00,general,certified,True,State Senate,24,Elbert L. Guillory,,,,,D,Lafayette,00 064,ocd-division/country:us/state:la/parish:lafayette/precinct:_064,31,,,,,2009
2015-10-07 22:53:14.083000,la-2009-05-02-special-general,2009-05-02 00:00:00,2009-05-02 00:00:00,general,certified,True,State Senate,24,"Patricia ""Pat"" Cravins",,,,,D,Lafayette,00 064,ocd-division/country:us/state:la/parish:lafayette/precinct:_064,26,,,,,2009
2015-10-07 22:53:14.083000,la-2009-05-02-special-general,2009-05-02 00:00:00,2009-05-02 00:00:00,general,certified,True,State Senate,24,Elbert L. Guillory,,,,,D,Lafayette,00 063,ocd-division/country:us/state:la/parish:lafayette/precinct:_063,16,,,,,2009
2015-10-07 22:53:14.083000,la-2009-05-02-special-general,2009-05-02 00:00:00,2009-05-02 00:00:00,general,certified,True,State Senate,24,"Patricia ""Pat"" Cravins",,,,,D,Lafayette,00 063,ocd-division/country:us/state:la/parish:lafayette/precinct:_063,29,,,,,2009
2015-10-07 22:53:14.083000,la-2009-05-02-special-general,2009-05-02 00:00:00,2009-05-02 00:00:00,general,certified,True,State Senate,24,Elbert L. Guillory,,,,,D,Lafayette,00 062,ocd-division/country:us/state:la/parish:lafayette/precinct:_062,3,,,,,2009
2015-10-07 22:53:14.083000,la-2009-05-02-special-general,2009-05-02 00:00:00,2009-05-02 00:00:00,general,certified,True,State Senate,24,"Patricia ""Pat"" Cravins",,,,,D,Lafayette,00 062,ocd-division/country:us/state:la/parish:lafayette/precinct:_062,15,,,,,2009
2015-10-07 22:53:14.083000,la-2009-05-02-special-general,2009-05-02 00:00:00,2009-05-02 00:00:00,general,certified,True,State Senate,24,Elbert L. Guillory,,,,,D,Lafayette,00 061,ocd-division/country:us/state:la/parish:lafayette/precinct:_061,10,,,,,2009
2015-10-07 22:53:14.083000,la-2009-05-02-special-general,2009-05-02 00:00:00,2009-05-02 00:00:00,general,certified,True,State Senate,24,"Patricia ""Pat"" Cravins",,,,,D,Lafayette,00 061,ocd-division/country:us/state:la/parish:lafayette/precinct:_061,30,,,,,2009
2015-10-07 22:53:14.083000,la-2009-05-02-special-general,2009-05-02 00:00:00,2009-05-02 00:00:00,general,certified,True,State Senate,24,Elbert L. Guillory,,,,,D,Lafayette,00 059,ocd-division/country:us/state:la/parish:lafayette/precinct:_059,33,,,,,2009
2015-10-07 22:53:14.083000,la-2009-05-02-special-general,2009-05-02 00:00:00,2009-05-02 00:00:00,general,certified,True,State Senate,24,"Patricia ""Pat"" Cravins",,,,,D,Lafayette,00 059,ocd-division/country:us/state:la/parish:lafayette/precinct:_059,9,,,,,2009
2015-10-07 22:53:14.083000,la-2009-05-02-special-general,2009-05-02 00:00:00,2009-05-02 00:00:00,general,certified,True,State Senate,24,Elbert L. Guillory,,,,,D,Lafayette,00 058,ocd-division/country:us/state:la/parish:lafayette/precinct:_058,8,,,,,2009
2015-10-07 22:53:14.083000,la-2009-05-02-special-general,2009-05-02 00:00:00,2009-05-02 00:00:00,general,certified,True,State Senate,24,"Patricia ""Pat"" Cravins",,,,,D,Lafayette,00 058,ocd-division/country:us/state:la/parish:lafayette/precinct:_058,38,,,,,2009
2015-10-07 22:53:14.083000,la-2009-05-02-special-general,2009-05-02 00:00:00,2009-05-02 00:00:00,general,certified,True,State Senate,24,Elbert L. Guillory,,,,,D,Lafayette,00 057,ocd-division/country:us/state:la/parish:lafayette/precinct:_057,26,,,,,2009
2015-10-07 22:53:14.083000,la-2009-05-02-special-general,2009-05-02 00:00:00,2009-05-02 00:00:00,general,certified,True,State Senate,24,"Patricia ""Pat"" Cravins",,,,,D,Lafayette,00 057,ocd-division/country:us/state:la/parish:lafayette/precinct:_057,44,,,,,2009
2015-10-07 22:53:14.083000,la-2009-05-02-special-general,2009-05-02 00:00:00,2009-05-02 00:00:00,general,certified,True,State Senate,24,Elbert L. Guillory,,,,,D,Lafayette,00 056,ocd-division/country:us/state:la/parish:lafayette/precinct:_056,37,,,,,2009
2015-10-07 22:53:14.083000,la-2009-05-02-special-general,2009-05-02 00:00:00,2009-05-02 00:00:00,general,certified,True,State Senate,24,"Patricia ""Pat"" Cravins",,,,,D,Lafayette,00 056,ocd-division/country:us/state:la/parish:lafayette/precinct:_056,100,,,,,2009
2015-10-07 22:53:14.083000,la-2009-05-02-special-general,2009-05-02 00:00:00,2009-05-02 00:00:00,general,certified,True,State Senate,24,Elbert L. Guillory,,,,,D,Lafayette,00 055,ocd-division/country:us/state:la/parish:lafayette/precinct:_055,48,,,,,2009
2015-10-07 22:53:14.083000,la-2009-05-02-special-general,2009-05-02 00:00:00,2009-05-02 00:00:00,general,certified,True,State Senate,24,"Patricia ""Pat"" Cravins",,,,,D,Lafayette,00 055,ocd-division/country:us/state:la/parish:lafayette/precinct:_055,48,,,,,2009
2015-10-07 22:53:14.083000,la-2009-05-02-special-general,2009-05-02 00:00:00,2009-05-02 00:00:00,general,certified,True,State Senate,24,Elbert L. Guillory,,,,,D,Lafayette,00 054,ocd-division/country:us/state:la/parish:lafayette/precinct:_054,20,,,,,2009
2015-10-07 22:53:14.083000,la-2009-05-02-special-general,2009-05-02 00:00:00,2009-05-02 00:00:00,general,certified,True,State Senate,24,"Patricia ""Pat"" Cravins",,,,,D,Lafayette,00 054,ocd-division/country:us/state:la/parish:lafayette/precinct:_054,68,,,,,2009
2015-10-07 22:53:14.083000,la-2009-05-02-special-general,2009-05-02 00:00:00,2009-05-02 00:00:00,general,certified,True,State Senate,24,Elbert L. Guillory,,,,,D,Lafayette,00 053,ocd-division/country:us/state:la/parish:lafayette/precinct:_053,40,,,,,2009
2015-10-07 22:53:14.083000,la-2009-05-02-special-general,2009-05-02 00:00:00,2009-05-02 00:00:00,general,certified,True,State Senate,24,"Patricia ""Pat"" Cravins",,,,,D,Lafayette,00 053,ocd-division/country:us/state:la/parish:lafayette/precinct:_053,32,,,,,2009
2015-10-07 22:53:14.083000,la-2009-05-02-special-general,2009-05-02 00:00:00,2009-05-02 00:00:00,general,certified,True,State Senate,24,Elbert L. Guillory,,,,,D,Lafayette,00 052,ocd-division/country:us/state:la/parish:lafayette/precinct:_052,14,,,,,2009
2015-10-07 22:53:14.083000,la-2009-05-02-special-general,2009-05-02 00:00:00,2009-05-02 00:00:00,general,certified,True,State Senate,24,"Patricia ""Pat"" Cravins",,,,,D,Lafayette,00 052,ocd-division/country:us/state:la/parish:lafayette/precinct:_052,22,,,,,2009
2015-10-07 22:53:14.083000,la-2009-05-02-special-general,2009-05-02 00:00:00,2009-05-02 00:00:00,general,certified,True,State Senate,24,Elbert L. Guillory,,,,,D,Lafayette,00 051,ocd-division/country:us/state:la/parish:lafayette/precinct:_051,26,,,,,2009
2015-10-07 22:53:14.083000,la-2009-05-02-special-general,2009-05-02 00:00:00,2009-05-02 00:00:00,general,certified,True,State Senate,24,"Patricia ""Pat"" Cravins",,,,,D,Lafayette,00 051,ocd-division/country:us/state:la/parish:lafayette/precinct:_051,71,,,,,2009
2015-10-07 22:53:14.083000,la-2009-05-02-special-general,2009-05-02 00:00:00,2009-05-02 00:00:00,general,certified,True,State Senate,24,Elbert L. Guillory,,,,,D,Lafayette,00 050,ocd-division/country:us/state:la/parish:lafayette/precinct:_050,9,,,,,2009
2015-10-07 22:53:14.083000,la-2009-05-02-special-general,2009-05-02 00:00:00,2009-05-02 00:00:00,general,certified,True,State Senate,24,"Patricia ""Pat"" Cravins",,,,,D,Lafayette,00 050,ocd-division/country:us/state:la/parish:lafayette/precinct:_050,22,,,,,2009
2015-10-07 22:53:14.083000,la-2009-05-02-special-general,2009-05-02 00:00:00,2009-05-02 00:00:00,general,certified,True,State Senate,24,Elbert L. Guillory,,,,,D,Lafayette,00 024,ocd-division/country:us/state:la/parish:lafayette/precinct:_024,36,,,,,2009
2015-10-07 22:53:14.083000,la-2009-05-02-special-general,2009-05-02 00:00:00,2009-05-02 00:00:00,general,certified,True,State Senate,24,"Patricia ""Pat"" Cravins",,,,,D,Lafayette,00 024,ocd-division/country:us/state:la/parish:lafayette/precinct:_024,92,,,,,2009
2015-10-07 22:53:14.083000,la-2009-05-02-special-general,2009-05-02 00:00:00,2009-05-02 00:00:00,general,certified,True,State Senate,24,Elbert L. Guillory,,,,,D,Lafayette,00 023,ocd-division/country:us/state:la/parish:lafayette/precinct:_023,25,,,,,2009
2015-10-07 22:53:14.083000,la-2009-05-02-special-general,2009-05-02 00:00:00,2009-05-02 00:00:00,general,certified,True,State Senate,24,"Patricia ""Pat"" Cravins",,,,,D,Lafayette,00 023,ocd-division/country:us/state:la/parish:lafayette/precinct:_023,79,,,,,2009
2015-10-07 22:53:14.083000,la-2009-05-02-special-general,2009-05-02 00:00:00,2009-05-02 00:00:00,general,certified,True,State Senate,24,Elbert L. Guillory,,,,,D,Lafayette,00 022,ocd-division/country:us/state:la/parish:lafayette/precinct:_022,10,,,,,2009
2015-10-07 22:53:14.083000,la-2009-05-02-special-general,2009-05-02 00:00:00,2009-05-02 00:00:00,general,certified,True,State Senate,24,"Patricia ""Pat"" Cravins",,,,,D,Lafayette,00 022,ocd-division/country:us/state:la/parish:lafayette/precinct:_022,55,,,,,2009
2015-10-07 22:53:14.083000,la-2009-05-02-special-general,2009-05-02 00:00:00,2009-05-02 00:00:00,general,certified,True,State Senate,24,Elbert L. Guillory,,,,,D,Lafayette,00 021,ocd-division/country:us/state:la/parish:lafayette/precinct:_021,32,,,,,2009
2015-10-07 22:53:14.083000,la-2009-05-02-special-general,2009-05-02 00:00:00,2009-05-02 00:00:00,general,certified,True,State Senate,24,"Patricia ""Pat"" Cravins",,,,,D,Lafayette,00 021,ocd-division/country:us/state:la/parish:lafayette/precinct:_021,49,,,,,2009
2015-10-07 22:53:14.083000,la-2009-05-02-special-general,2009-05-02 00:00:00,2009-05-02 00:00:00,general,certified,True,State Senate,24,Elbert L. Guillory,,,,,D,Lafayette,00 020,ocd-division/country:us/state:la/parish:lafayette/precinct:_020,54,,,,,2009
2015-10-07 22:53:14.083000,la-2009-05-02-special-general,2009-05-02 00:00:00,2009-05-02 00:00:00,general,certified,True,State Senate,24,"Patricia ""Pat"" Cravins",,,,,D,Lafayette,00 020,ocd-division/country:us/state:la/parish:lafayette/precinct:_020,65,,,,,2009
2015-10-07 22:53:14.083000,la-2009-05-02-special-general,2009-05-02 00:00:00,2009-05-02 00:00:00,general,certified,True,State Senate,24,Elbert L. Guillory,,,,,D,Lafayette,00 019,ocd-division/country:us/state:la/parish:lafayette/precinct:_019,51,,,,,2009
2015-10-07 22:53:14.083000,la-2009-05-02-special-general,2009-05-02 00:00:00,2009-05-02 00:00:00,general,certified,True,State Senate,24,"Patricia ""Pat"" Cravins",,,,,D,Lafayette,00 019,ocd-division/country:us/state:la/parish:lafayette/precinct:_019,156,,,,,2009
2015-10-07 22:53:14.083000,la-2009-05-02-special-general,2009-05-02 00:00:00,2009-05-02 00:00:00,general,certified,True,State Senate,24,Elbert L. Guillory,,,,,D,Lafayette,00 018,ocd-division/country:us/state:la/parish:lafayette/precinct:_018,37,,,,,2009
2015-10-07 22:53:14.083000,la-2009-05-02-special-general,2009-05-02 00:00:00,2009-05-02 00:00:00,general,certified,True,State Senate,24,"Patricia ""Pat"" Cravins",,,,,D,Lafayette,00 018,ocd-division/country:us/state:la/parish:lafayette/precinct:_018,140,,,,,2009
2015-10-07 22:53:14.083000,la-2009-05-02-special-general,2009-05-02 00:00:00,2009-05-02 00:00:00,general,certified,True,State Senate,24,Elbert L. Guillory,,,,,D,Lafayette,00 017,ocd-division/country:us/state:la/parish:lafayette/precinct:_017,28,,,,,2009
2015-10-07 22:53:14.083000,la-2009-05-02-special-general,2009-05-02 00:00:00,2009-05-02 00:00:00,general,certified,True,State Senate,24,"Patricia ""Pat"" Cravins",,,,,D,Lafayette,00 017,ocd-division/country:us/state:la/parish:lafayette/precinct:_017,51,,,,,2009
2015-10-07 22:53:14.083000,la-2009-05-02-special-general,2009-05-02 00:00:00,2009-05-02 00:00:00,general,certified,True,State Senate,24,Elbert L. Guillory,,,,,D,Lafayette,00 016,ocd-division/country:us/state:la/parish:lafayette/precinct:_016,16,,,,,2009
2015-10-07 22:53:14.083000,la-2009-05-02-special-general,2009-05-02 00:00:00,2009-05-02 00:00:00,general,certified,True,State Senate,24,"Patricia ""Pat"" Cravins",,,,,D,Lafayette,00 016,ocd-division/country:us/state:la/parish:lafayette/precinct:_016,28,,,,,2009
2015-10-07 22:53:14.083000,la-2009-05-02-special-general,2009-05-02 00:00:00,2009-05-02 00:00:00,general,certified,True,State Senate,24,Elbert L. Guillory,,,,,D,Lafayette,00 015,ocd-division/country:us/state:la/parish:lafayette/precinct:_015,21,,,,,2009
2015-10-07 22:53:14.083000,la-2009-05-02-special-general,2009-05-02 00:00:00,2009-05-02 00:00:00,general,certified,True,State Senate,24,"Patricia ""Pat"" Cravins",,,,,D,Lafayette,00 015,ocd-division/country:us/state:la/parish:lafayette/precinct:_015,51,,,,,2009
2015-10-07 22:53:14.083000,la-2009-05-02-special-general,2009-05-02 00:00:00,2009-05-02 00:00:00,general,certified,True,State Senate,24,Elbert L. Guillory,,,,,D,Lafayette,00 014,ocd-division/country:us/state:la/parish:lafayette/precinct:_014,37,,,,,2009
2015-10-07 22:53:14.083000,la-2009-05-02-special-general,2009-05-02 00:00:00,2009-05-02 00:00:00,general,certified,True,State Senate,24,"Patricia ""Pat"" Cravins",,,,,D,Lafayette,00 014,ocd-division/country:us/state:la/parish:lafayette/precinct:_014,32,,,,,2009
2015-10-07 22:53:14.083000,la-2009-05-02-special-general,2009-05-02 00:00:00,2009-05-02 00:00:00,general,certified,True,State Senate,24,Elbert L. Guillory,,,,,D,Lafayette,00 013,ocd-division/country:us/state:la/parish:lafayette/precinct:_013,63,,,,,2009
2015-10-07 22:53:14.083000,la-2009-05-02-special-general,2009-05-02 00:00:00,2009-05-02 00:00:00,general,certified,True,State Senate,24,"Patricia ""Pat"" Cravins",,,,,D,Lafayette,00 013,ocd-division/country:us/state:la/parish:lafayette/precinct:_013,50,,,,,2009
2015-10-07 22:53:14.083000,la-2009-05-02-special-general,2009-05-02 00:00:00,2009-05-02 00:00:00,general,certified,True,State Senate,24,Elbert L. Guillory,,,,,D,Lafayette,00 012,ocd-division/country:us/state:la/parish:lafayette/precinct:_012,53,,,,,2009
2015-10-07 22:53:14.083000,la-2009-05-02-special-general,2009-05-02 00:00:00,2009-05-02 00:00:00,general,certified,True,State Senate,24,"Patricia ""Pat"" Cravins",,,,,D,Lafayette,00 012,ocd-division/country:us/state:la/parish:lafayette/precinct:_012,42,,,,,2009
2015-10-07 22:53:14.083000,la-2009-05-02-special-general,2009-05-02 00:00:00,2009-05-02 00:00:00,general,certified,True,State Senate,24,Elbert L. Guillory,,,,,D,Lafayette,00 011,ocd-division/country:us/state:la/parish:lafayette/precinct:_011,72,,,,,2009
2015-10-07 22:53:14.083000,la-2009-05-02-special-general,2009-05-02 00:00:00,2009-05-02 00:00:00,general,certified,True,State Senate,24,"Patricia ""Pat"" Cravins",,,,,D,Lafayette,00 011,ocd-division/country:us/state:la/parish:lafayette/precinct:_011,62,,,,,2009
2015-10-07 22:53:14.083000,la-2009-05-02-special-general,2009-05-02 00:00:00,2009-05-02 00:00:00,general,certified,True,State Senate,24,Elbert L. Guillory,,,,,D,Lafayette,00 007,ocd-division/country:us/state:la/parish:lafayette/precinct:_007,46,,,,,2009
2015-10-07 22:53:14.083000,la-2009-05-02-special-general,2009-05-02 00:00:00,2009-05-02 00:00:00,general,certified,True,State Senate,24,"Patricia ""Pat"" Cravins",,,,,D,Lafayette,00 007,ocd-division/country:us/state:la/parish:lafayette/precinct:_007,67,,,,,2009
2015-10-07 22:53:14.083000,la-2009-05-02-special-general,2009-05-02 00:00:00,2009-05-02 00:00:00,general,certified,True,State Senate,24,Elbert L. Guillory,,,,,D,Lafayette,00 006,ocd-division/country:us/state:la/parish:lafayette/precinct:_006,69,,,,,2009
2015-10-07 22:53:14.083000,la-2009-05-02-special-general,2009-05-02 00:00:00,2009-05-02 00:00:00,general,certified,True,State Senate,24,"Patricia ""Pat"" Cravins",,,,,D,Lafayette,00 006,ocd-division/country:us/state:la/parish:lafayette/precinct:_006,23,,,,,2009
2015-10-07 22:53:14.083000,la-2009-05-02-special-general,2009-05-02 00:00:00,2009-05-02 00:00:00,general,certified,True,State Senate,24,Elbert L. Guillory,,,,,D,Lafayette,00 005,ocd-division/country:us/state:la/parish:lafayette/precinct:_005,39,,,,,2009
2015-10-07 22:53:14.083000,la-2009-05-02-special-general,2009-05-02 00:00:00,2009-05-02 00:00:00,general,certified,True,State Senate,24,"Patricia ""Pat"" Cravins",,,,,D,Lafayette,00 005,ocd-division/country:us/state:la/parish:lafayette/precinct:_005,51,,,,,2009
2015-10-07 22:53:14.083000,la-2009-05-02-special-general,2009-05-02 00:00:00,2009-05-02 00:00:00,general,certified,True,State Senate,24,Elbert L. Guillory,,,,,D,Lafayette,00 002Z,ocd-division/country:us/state:la/parish:lafayette/precinct:_002z,25,,,,,2009
2015-10-07 22:53:14.083000,la-2009-05-02-special-general,2009-05-02 00:00:00,2009-05-02 00:00:00,general,certified,True,State Senate,24,"Patricia ""Pat"" Cravins",,,,,D,Lafayette,00 002Z,ocd-division/country:us/state:la/parish:lafayette/precinct:_002z,20,,,,,2009
2015-10-07 22:53:14.083000,la-2009-05-02-special-general,2009-05-02 00:00:00,2009-05-02 00:00:00,general,certified,True,State Senate,24,Elbert L. Guillory,,,,,D,Lafayette,00 002Y,ocd-division/country:us/state:la/parish:lafayette/precinct:_002y,36,,,,,2009
2015-10-07 22:53:14.083000,la-2009-05-02-special-general,2009-05-02 00:00:00,2009-05-02 00:00:00,general,certified,True,State Senate,24,"Patricia ""Pat"" Cravins",,,,,D,Lafayette,00 002Y,ocd-division/country:us/state:la/parish:lafayette/precinct:_002y,19,,,,,2009
2015-10-07 22:53:14.083000,la-2009-05-02-special-general,2009-05-02 00:00:00,2009-05-02 00:00:00,general,certified,True,State House,97,Leroy Doucette,,,,,D,Orleans,,ocd-division/country:us/state:la/parish:orleans,42,,,,,2009
2015-10-07 22:53:14.083000,la-2009-05-02-special-general,2009-05-02 00:00:00,2009-05-02 00:00:00,general,certified,True,State House,97,Jared Brossett,,,,,D,Orleans,,ocd-division/country:us/state:la/parish:orleans,67,,,,,2009
2015-10-07 22:53:14.083000,la-2009-05-02-special-general,2009-05-02 00:00:00,2009-05-02 00:00:00,general,certified,True,State House,97,Leroy Doucette,,,,,D,Orleans,09 31E,ocd-division/country:us/state:la/parish:orleans/precinct:9_31e,8,,,,,2009
2015-10-07 22:53:14.083000,la-2009-05-02-special-general,2009-05-02 00:00:00,2009-05-02 00:00:00,general,certified,True,State House,97,Jared Brossett,,,,,D,Orleans,09 31E,ocd-division/country:us/state:la/parish:orleans/precinct:9_31e,13,,,,,2009
2015-10-07 22:53:14.083000,la-2009-05-02-special-general,2009-05-02 00:00:00,2009-05-02 00:00:00,general,certified,True,State House,97,Leroy Doucette,,,,,D,Orleans,09 31D,ocd-division/country:us/state:la/parish:orleans/precinct:9_31d,11,,,,,2009
2015-10-07 22:53:14.083000,la-2009-05-02-special-general,2009-05-02 00:00:00,2009-05-02 00:00:00,general,certified,True,State House,97,Jared Brossett,,,,,D,Orleans,09 31D,ocd-division/country:us/state:la/parish:orleans/precinct:9_31d,24,,,,,2009
2015-10-07 22:53:14.083000,la-2009-05-02-special-general,2009-05-02 00:00:00,2009-05-02 00:00:00,general,certified,True,State House,97,Leroy Doucette,,,,,D,Orleans,09 31C,ocd-division/country:us/state:la/parish:orleans/precinct:9_31c,16,,,,,2009
2015-10-07 22:53:14.083000,la-2009-05-02-special-general,2009-05-02 00:00:00,2009-05-02 00:00:00,general,certified,True,State House,97,Jared Brossett,,,,,D,Orleans,09 31C,ocd-division/country:us/state:la/parish:orleans/precinct:9_31c,27,,,,,2009
2015-10-07 22:53:14.083000,la-2009-05-02-special-general,2009-05-02 00:00:00,2009-05-02 00:00:00,general,certified,True,State House,97,Leroy Doucette,,,,,D,Orleans,09 31B,ocd-division/country:us/state:la/parish:orleans/precinct:9_31b,8,,,,,2009
2015-10-07 22:53:14.083000,la-2009-05-02-special-general,2009-05-02 00:00:00,2009-05-02 00:00:00,general,certified,True,State House,97,Jared Brossett,,,,,D,Orleans,09 31B,ocd-division/country:us/state:la/parish:orleans/precinct:9_31b,29,,,,,2009
2015-10-07 22:53:14.083000,la-2009-05-02-special-general,2009-05-02 00:00:00,2009-05-02 00:00:00,general,certified,True,State House,97,Leroy Doucette,,,,,D,Orleans,09 31A,ocd-division/country:us/state:la/parish:orleans/precinct:9_31a,7,,,,,2009
2015-10-07 22:53:14.083000,la-2009-05-02-special-general,2009-05-02 00:00:00,2009-05-02 00:00:00,general,certified,True,State House,97,Jared Brossett,,,,,D,Orleans,09 31A,ocd-division/country:us/state:la/parish:orleans/precinct:9_31a,7,,,,,2009
2015-10-07 22:53:14.083000,la-2009-05-02-special-general,2009-05-02 00:00:00,2009-05-02 00:00:00,general,certified,True,State House,97,Leroy Doucette,,,,,D,Orleans,09 31,ocd-division/country:us/state:la/parish:orleans/precinct:9_31,4,,,,,2009
2015-10-07 22:53:14.083000,la-2009-05-02-special-general,2009-05-02 00:00:00,2009-05-02 00:00:00,general,certified,True,State House,97,Jared Brossett,,,,,D,Orleans,09 31,ocd-division/country:us/state:la/parish:orleans/precinct:9_31,18,,,,,2009
2015-10-07 22:53:14.083000,la-2009-05-02-special-general,2009-05-02 00:00:00,2009-05-02 00:00:00,general,certified,True,State House,97,Leroy Doucette,,,,,D,Orleans,09 30A,ocd-division/country:us/state:la/parish:orleans/precinct:9_30a,4,,,,,2009
2015-10-07 22:53:14.083000,la-2009-05-02-special-general,2009-05-02 00:00:00,2009-05-02 00:00:00,general,certified,True,State House,97,Jared Brossett,,,,,D,Orleans,09 30A,ocd-division/country:us/state:la/parish:orleans/precinct:9_30a,26,,,,,2009
2015-10-07 22:53:14.083000,la-2009-05-02-special-general,2009-05-02 00:00:00,2009-05-02 00:00:00,general,certified,True,State House,97,Leroy Doucette,,,,,D,Orleans,09 30,ocd-division/country:us/state:la/parish:orleans/precinct:9_30,3,,,,,2009
2015-10-07 22:53:14.083000,la-2009-05-02-special-general,2009-05-02 00:00:00,2009-05-02 00:00:00,general,certified,True,State House,97,Jared Brossett,,,,,D,Orleans,09 30,ocd-division/country:us/state:la/parish:orleans/precinct:9_30,18,,,,,2009
2015-10-07 22:53:14.083000,la-2009-05-02-special-general,2009-05-02 00:00:00,2009-05-02 00:00:00,general,certified,True,State House,97,Leroy Doucette,,,,,D,Orleans,09 29A,ocd-division/country:us/state:la/parish:orleans/precinct:9_29a,14,,,,,2009
2015-10-07 22:53:14.083000,la-2009-05-02-special-general,2009-05-02 00:00:00,2009-05-02 00:00:00,general,certified,True,State House,97,Jared Brossett,,,,,D,Orleans,09 29A,ocd-division/country:us/state:la/parish:orleans/precinct:9_29a,17,,,,,2009
2015-10-07 22:53:14.083000,la-2009-05-02-special-general,2009-05-02 00:00:00,2009-05-02 00:00:00,general,certified,True,State House,97,Leroy Doucette,,,,,D,Orleans,09 24,ocd-division/country:us/state:la/parish:orleans/precinct:9_24,7,,,,,2009
2015-10-07 22:53:14.083000,la-2009-05-02-special-general,2009-05-02 00:00:00,2009-05-02 00:00:00,general,certified,True,State House,97,Jared Brossett,,,,,D,Orleans,09 24,ocd-division/country:us/state:la/parish:orleans/precinct:9_24,2,,,,,2009
2015-10-07 22:53:14.083000,la-2009-05-02-special-general,2009-05-02 00:00:00,2009-05-02 00:00:00,general,certified,True,State House,97,Leroy Doucette,,,,,D,Orleans,09 19,ocd-division/country:us/state:la/parish:orleans/precinct:9_19,2,,,,,2009
2015-10-07 22:53:14.083000,la-2009-05-02-special-general,2009-05-02 00:00:00,2009-05-02 00:00:00,general,certified,True,State House,97,Jared Brossett,,,,,D,Orleans,09 19,ocd-division/country:us/state:la/parish:orleans/precinct:9_19,12,,,,,2009
2015-10-07 22:53:14.083000,la-2009-05-02-special-general,2009-05-02 00:00:00,2009-05-02 00:00:00,general,certified,True,State House,97,Leroy Doucette,,,,,D,Orleans,09 14,ocd-division/country:us/state:la/parish:orleans/precinct:9_14,3,,,,,2009
2015-10-07 22:53:14.083000,la-2009-05-02-special-general,2009-05-02 00:00:00,2009-05-02 00:00:00,general,certified,True,State House,97,Jared Brossett,,,,,D,Orleans,09 14,ocd-division/country:us/state:la/parish:orleans/precinct:9_14,10,,,,,2009
2015-10-07 22:53:14.083000,la-2009-05-02-special-general,2009-05-02 00:00:00,2009-05-02 00:00:00,general,certified,True,State House,97,Leroy Doucette,,,,,D,Orleans,09 13,ocd-division/country:us/state:la/parish:orleans/precinct:9_13,4,,,,,2009
2015-10-07 22:53:14.083000,la-2009-05-02-special-general,2009-05-02 00:00:00,2009-05-02 00:00:00,general,certified,True,State House,97,Jared Brossett,,,,,D,Orleans,09 13,ocd-division/country:us/state:la/parish:orleans/precinct:9_13,18,,,,,2009
2015-10-07 22:53:14.083000,la-2009-05-02-special-general,2009-05-02 00:00:00,2009-05-02 00:00:00,general,certified,True,State House,97,Leroy Doucette,,,,,D,Orleans,08 30,ocd-division/country:us/state:la/parish:orleans/precinct:8_30,1,,,,,2009
2015-10-07 22:53:14.083000,la-2009-05-02-special-general,2009-05-02 00:00:00,2009-05-02 00:00:00,general,certified,True,State House,97,Jared Brossett,,,,,D,Orleans,08 30,ocd-division/country:us/state:la/parish:orleans/precinct:8_30,11,,,,,2009
2015-10-07 22:53:14.083000,la-2009-05-02-special-general,2009-05-02 00:00:00,2009-05-02 00:00:00,general,certified,True,State House,97,Leroy Doucette,,,,,D,Orleans,08 29,ocd-division/country:us/state:la/parish:orleans/precinct:8_29,5,,,,,2009
2015-10-07 22:53:14.083000,la-2009-05-02-special-general,2009-05-02 00:00:00,2009-05-02 00:00:00,general,certified,True,State House,97,Jared Brossett,,,,,D,Orleans,08 29,ocd-division/country:us/state:la/parish:orleans/precinct:8_29,9,,,,,2009
2015-10-07 22:53:14.083000,la-2009-05-02-special-general,2009-05-02 00:00:00,2009-05-02 00:00:00,general,certified,True,State House,97,Leroy Doucette,,,,,D,Orleans,08 27A,ocd-division/country:us/state:la/parish:orleans/precinct:8_27a,14,,,,,2009
2015-10-07 22:53:14.083000,la-2009-05-02-special-general,2009-05-02 00:00:00,2009-05-02 00:00:00,general,certified,True,State House,97,Jared Brossett,,,,,D,Orleans,08 27A,ocd-division/country:us/state:la/parish:orleans/precinct:8_27a,10,,,,,2009
2015-10-07 22:53:14.083000,la-2009-05-02-special-general,2009-05-02 00:00:00,2009-05-02 00:00:00,general,certified,True,State House,97,Leroy Doucette,,,,,D,Orleans,08 27,ocd-division/country:us/state:la/parish:orleans/precinct:8_27,3,,,,,2009
2015-10-07 22:53:14.083000,la-2009-05-02-special-general,2009-05-02 00:00:00,2009-05-02 00:00:00,general,certified,True,State House,97,Jared Brossett,,,,,D,Orleans,08 27,ocd-division/country:us/state:la/parish:orleans/precinct:8_27,7,,,,,2009
2015-10-07 22:53:14.083000,la-2009-05-02-special-general,2009-05-02 00:00:00,2009-05-02 00:00:00,general,certified,True,State House,97,Leroy Doucette,,,,,D,Orleans,08 26A,ocd-division/country:us/state:la/parish:orleans/precinct:8_26a,11,,,,,2009
2015-10-07 22:53:14.083000,la-2009-05-02-special-general,2009-05-02 00:00:00,2009-05-02 00:00:00,general,certified,True,State House,97,Jared Brossett,,,,,D,Orleans,08 26A,ocd-division/country:us/state:la/parish:orleans/precinct:8_26a,27,,,,,2009
2015-10-07 22:53:14.083000,la-2009-05-02-special-general,2009-05-02 00:00:00,2009-05-02 00:00:00,general,certified,True,State House,97,Leroy Doucette,,,,,D,Orleans,08 26,ocd-division/country:us/state:la/parish:orleans/precinct:8_26,4,,,,,2009
2015-10-07 22:53:14.083000,la-2009-05-02-special-general,2009-05-02 00:00:00,2009-05-02 00:00:00,general,certified,True,State House,97,Jared Brossett,,,,,D,Orleans,08 26,ocd-division/country:us/state:la/parish:orleans/precinct:8_26,6,,,,,2009
2015-10-07 22:53:14.083000,la-2009-05-02-special-general,2009-05-02 00:00:00,2009-05-02 00:00:00,general,certified,True,State House,97,Leroy Doucette,,,,,D,Orleans,08 25A,ocd-division/country:us/state:la/parish:orleans/precinct:8_25a,7,,,,,2009
2015-10-07 22:53:14.083000,la-2009-05-02-special-general,2009-05-02 00:00:00,2009-05-02 00:00:00,general,certified,True,State House,97,Jared Brossett,,,,,D,Orleans,08 25A,ocd-division/country:us/state:la/parish:orleans/precinct:8_25a,11,,,,,2009
2015-10-07 22:53:14.083000,la-2009-05-02-special-general,2009-05-02 00:00:00,2009-05-02 00:00:00,general,certified,True,State House,97,Leroy Doucette,,,,,D,Orleans,08 25,ocd-division/country:us/state:la/parish:orleans/precinct:8_25,7,,,,,2009
2015-10-07 22:53:14.083000,la-2009-05-02-special-general,2009-05-02 00:00:00,2009-05-02 00:00:00,general,certified,True,State House,97,Jared Brossett,,,,,D,Orleans,08 25,ocd-division/country:us/state:la/parish:orleans/precinct:8_25,8,,,,,2009
2015-10-07 22:53:14.083000,la-2009-05-02-special-general,2009-05-02 00:00:00,2009-05-02 00:00:00,general,certified,True,State House,97,Leroy Doucette,,,,,D,Orleans,08 24,ocd-division/country:us/state:la/parish:orleans/precinct:8_24,9,,,,,2009
2015-10-07 22:53:14.083000,la-2009-05-02-special-general,2009-05-02 00:00:00,2009-05-02 00:00:00,general,certified,True,State House,97,Jared Brossett,,,,,D,Orleans,08 24,ocd-division/country:us/state:la/parish:orleans/precinct:8_24,18,,,,,2009
2015-10-07 22:53:14.083000,la-2009-05-02-special-general,2009-05-02 00:00:00,2009-05-02 00:00:00,general,certified,True,State House,97,Leroy Doucette,,,,,D,Orleans,08 23,ocd-division/country:us/state:la/parish:orleans/precinct:8_23,28,,,,,2009
2015-10-07 22:53:14.083000,la-2009-05-02-special-general,2009-05-02 00:00:00,2009-05-02 00:00:00,general,certified,True,State House,97,Jared Brossett,,,,,D,Orleans,08 23,ocd-division/country:us/state:la/parish:orleans/precinct:8_23,34,,,,,2009
2015-10-07 22:53:14.083000,la-2009-05-02-special-general,2009-05-02 00:00:00,2009-05-02 00:00:00,general,certified,True,State House,97,Leroy Doucette,,,,,D,Orleans,08 22,ocd-division/country:us/state:la/parish:orleans/precinct:8_22,25,,,,,2009
2015-10-07 22:53:14.083000,la-2009-05-02-special-general,2009-05-02 00:00:00,2009-05-02 00:00:00,general,certified,True,State House,97,Jared Brossett,,,,,D,Orleans,08 22,ocd-division/country:us/state:la/parish:orleans/precinct:8_22,32,,,,,2009
2015-10-07 22:53:14.083000,la-2009-05-02-special-general,2009-05-02 00:00:00,2009-05-02 00:00:00,general,certified,True,State House,97,Leroy Doucette,,,,,D,Orleans,08 21,ocd-division/country:us/state:la/parish:orleans/precinct:8_21,21,,,,,2009
2015-10-07 22:53:14.083000,la-2009-05-02-special-general,2009-05-02 00:00:00,2009-05-02 00:00:00,general,certified,True,State House,97,Jared Brossett,,,,,D,Orleans,08 21,ocd-division/country:us/state:la/parish:orleans/precinct:8_21,51,,,,,2009
2015-10-07 22:53:14.083000,la-2009-05-02-special-general,2009-05-02 00:00:00,2009-05-02 00:00:00,general,certified,True,State House,97,Leroy Doucette,,,,,D,Orleans,08 20,ocd-division/country:us/state:la/parish:orleans/precinct:8_20,23,,,,,2009
2015-10-07 22:53:14.083000,la-2009-05-02-special-general,2009-05-02 00:00:00,2009-05-02 00:00:00,general,certified,True,State House,97,Jared Brossett,,,,,D,Orleans,08 20,ocd-division/country:us/state:la/parish:orleans/precinct:8_20,21,,,,,2009
2015-10-07 22:53:14.083000,la-2009-05-02-special-general,2009-05-02 00:00:00,2009-05-02 00:00:00,general,certified,True,State House,97,Leroy Doucette,,,,,D,Orleans,08 19,ocd-division/country:us/state:la/parish:orleans/precinct:8_19,34,,,,,2009
2015-10-07 22:53:14.083000,la-2009-05-02-special-general,2009-05-02 00:00:00,2009-05-02 00:00:00,general,certified,True,State House,97,Jared Brossett,,,,,D,Orleans,08 19,ocd-division/country:us/state:la/parish:orleans/precinct:8_19,20,,,,,2009
2015-10-07 22:53:14.083000,la-2009-05-02-special-general,2009-05-02 00:00:00,2009-05-02 00:00:00,general,certified,True,State House,97,Leroy Doucette,,,,,D,Orleans,08 18,ocd-division/country:us/state:la/parish:orleans/precinct:8_18,4,,,,,2009
2015-10-07 22:53:14.083000,la-2009-05-02-special-general,2009-05-02 00:00:00,2009-05-02 00:00:00,general,certified,True,State House,97,Jared Brossett,,,,,D,Orleans,08 18,ocd-division/country:us/state:la/parish:orleans/precinct:8_18,14,,,,,2009
2015-10-07 22:53:14.083000,la-2009-05-02-special-general,2009-05-02 00:00:00,2009-05-02 00:00:00,general,certified,True,State House,97,Leroy Doucette,,,,,D,Orleans,08 17,ocd-division/country:us/state:la/parish:orleans/precinct:8_17,11,,,,,2009
2015-10-07 22:53:14.083000,la-2009-05-02-special-general,2009-05-02 00:00:00,2009-05-02 00:00:00,general,certified,True,State House,97,Jared Brossett,,,,,D,Orleans,08 17,ocd-division/country:us/state:la/parish:orleans/precinct:8_17,6,,,,,2009
2015-10-07 22:53:14.083000,la-2009-05-02-special-general,2009-05-02 00:00:00,2009-05-02 00:00:00,general,certified,True,State House,97,Leroy Doucette,,,,,D,Orleans,08 16,ocd-division/country:us/state:la/parish:orleans/precinct:8_16,2,,,,,2009
2015-10-07 22:53:14.083000,la-2009-05-02-special-general,2009-05-02 00:00:00,2009-05-02 00:00:00,general,certified,True,State House,97,Jared Brossett,,,,,D,Orleans,08 16,ocd-division/country:us/state:la/parish:orleans/precinct:8_16,11,,,,,2009
2015-10-07 22:53:14.083000,la-2009-05-02-special-general,2009-05-02 00:00:00,2009-05-02 00:00:00,general,certified,True,State House,97,Leroy Doucette,,,,,D,Orleans,08 15,ocd-division/country:us/state:la/parish:orleans/precinct:8_15,26,,,,,2009
2015-10-07 22:53:14.083000,la-2009-05-02-special-general,2009-05-02 00:00:00,2009-05-02 00:00:00,general,certified,True,State House,97,Jared Brossett,,,,,D,Orleans,08 15,ocd-division/country:us/state:la/parish:orleans/precinct:8_15,31,,,,,2009
2015-10-07 22:53:14.083000,la-2009-05-02-special-general,2009-05-02 00:00:00,2009-05-02 00:00:00,general,certified,True,State House,97,Leroy Doucette,,,,,D,Orleans,08 14,ocd-division/country:us/state:la/parish:orleans/precinct:8_14,4,,,,,2009
2015-10-07 22:53:14.083000,la-2009-05-02-special-general,2009-05-02 00:00:00,2009-05-02 00:00:00,general,certified,True,State House,97,Jared Brossett,,,,,D,Orleans,08 14,ocd-division/country:us/state:la/parish:orleans/precinct:8_14,3,,,,,2009
2015-10-07 22:53:14.083000,la-2009-05-02-special-general,2009-05-02 00:00:00,2009-05-02 00:00:00,general,certified,True,State House,97,Leroy Doucette,,,,,D,Orleans,08 13,ocd-division/country:us/state:la/parish:orleans/precinct:8_13,2,,,,,2009
2015-10-07 22:53:14.083000,la-2009-05-02-special-general,2009-05-02 00:00:00,2009-05-02 00:00:00,general,certified,True,State House,97,Jared Brossett,,,,,D,Orleans,08 13,ocd-division/country:us/state:la/parish:orleans/precinct:8_13,7,,,,,2009
2015-10-07 22:53:14.083000,la-2009-05-02-special-general,2009-05-02 00:00:00,2009-05-02 00:00:00,general,certified,True,State House,97,Leroy Doucette,,,,,D,Orleans,08 12,ocd-division/country:us/state:la/parish:orleans/precinct:8_12,1,,,,,2009
2015-10-07 22:53:14.083000,la-2009-05-02-special-general,2009-05-02 00:00:00,2009-05-02 00:00:00,general,certified,True,State House,97,Jared Brossett,,,,,D,Orleans,08 12,ocd-division/country:us/state:la/parish:orleans/precinct:8_12,7,,,,,2009
2015-10-07 22:53:14.083000,la-2009-05-02-special-general,2009-05-02 00:00:00,2009-05-02 00:00:00,general,certified,True,State House,97,Leroy Doucette,,,,,D,Orleans,08 11,ocd-division/country:us/state:la/parish:orleans/precinct:8_11,9,,,,,2009
2015-10-07 22:53:14.083000,la-2009-05-02-special-general,2009-05-02 00:00:00,2009-05-02 00:00:00,general,certified,True,State House,97,Jared Brossett,,,,,D,Orleans,08 11,ocd-division/country:us/state:la/parish:orleans/precinct:8_11,3,,,,,2009
2015-10-07 22:53:14.083000,la-2009-05-02-special-general,2009-05-02 00:00:00,2009-05-02 00:00:00,general,certified,True,State House,97,Leroy Doucette,,,,,D,Orleans,08 10,ocd-division/country:us/state:la/parish:orleans/precinct:8_10,5,,,,,2009
2015-10-07 22:53:14.083000,la-2009-05-02-special-general,2009-05-02 00:00:00,2009-05-02 00:00:00,general,certified,True,State House,97,Jared Brossett,,,,,D,Orleans,08 10,ocd-division/country:us/state:la/parish:orleans/precinct:8_10,1,,,,,2009
2015-10-07 22:53:14.083000,la-2009-05-02-special-general,2009-05-02 00:00:00,2009-05-02 00:00:00,general,certified,True,State House,97,Leroy Doucette,,,,,D,Orleans,08 09,ocd-division/country:us/state:la/parish:orleans/precinct:8_09,0,,,,,2009
2015-10-07 22:53:14.083000,la-2009-05-02-special-general,2009-05-02 00:00:00,2009-05-02 00:00:00,general,certified,True,State House,97,Jared Brossett,,,,,D,Orleans,08 09,ocd-division/country:us/state:la/parish:orleans/precinct:8_09,7,,,,,2009
2015-10-07 22:53:14.083000,la-2009-05-02-special-general,2009-05-02 00:00:00,2009-05-02 00:00:00,general,certified,True,State House,97,Leroy Doucette,,,,,D,Orleans,07 38A,ocd-division/country:us/state:la/parish:orleans/precinct:7_38a,5,,,,,2009
2015-10-07 22:53:14.083000,la-2009-05-02-special-general,2009-05-02 00:00:00,2009-05-02 00:00:00,general,certified,True,State House,97,Jared Brossett,,,,,D,Orleans,07 38A,ocd-division/country:us/state:la/parish:orleans/precinct:7_38a,12,,,,,2009
2015-10-07 22:53:14.083000,la-2009-05-02-special-general,2009-05-02 00:00:00,2009-05-02 00:00:00,general,certified,True,State House,97,Leroy Doucette,,,,,D,Orleans,07 37,ocd-division/country:us/state:la/parish:orleans/precinct:7_37,0,,,,,2009
2015-10-07 22:53:14.083000,la-2009-05-02-special-general,2009-05-02 00:00:00,2009-05-02 00:00:00,general,certified,True,State House,97,Jared Brossett,,,,,D,Orleans,07 37,ocd-division/country:us/state:la/parish:orleans/precinct:7_37,7,,,,,2009
2015-10-07 22:53:14.083000,la-2009-05-02-special-general,2009-05-02 00:00:00,2009-05-02 00:00:00,general,certified,True,State House,97,Leroy Doucette,,,,,D,Orleans,07 36A,ocd-division/country:us/state:la/parish:orleans/precinct:7_36a,9,,,,,2009
2015-10-07 22:53:14.083000,la-2009-05-02-special-general,2009-05-02 00:00:00,2009-05-02 00:00:00,general,certified,True,State House,97,Jared Brossett,,,,,D,Orleans,07 36A,ocd-division/country:us/state:la/parish:orleans/precinct:7_36a,5,,,,,2009
2015-10-07 22:53:14.083000,la-2009-05-02-special-general,2009-05-02 00:00:00,2009-05-02 00:00:00,general,certified,True,State House,97,Leroy Doucette,,,,,D,Orleans,07 36,ocd-division/country:us/state:la/parish:orleans/precinct:7_36,1,,,,,2009
2015-10-07 22:53:14.083000,la-2009-05-02-special-general,2009-05-02 00:00:00,2009-05-02 00:00:00,general,certified,True,State House,97,Jared Brossett,,,,,D,Orleans,07 36,ocd-division/country:us/state:la/parish:orleans/precinct:7_36,4,,,,,2009
2015-10-07 22:53:14.083000,la-2009-05-02-special-general,2009-05-02 00:00:00,2009-05-02 00:00:00,general,certified,True,State House,97,Leroy Doucette,,,,,D,Orleans,07 35,ocd-division/country:us/state:la/parish:orleans/precinct:7_35,3,,,,,2009
2015-10-07 22:53:14.083000,la-2009-05-02-special-general,2009-05-02 00:00:00,2009-05-02 00:00:00,general,certified,True,State House,97,Jared Brossett,,,,,D,Orleans,07 35,ocd-division/country:us/state:la/parish:orleans/precinct:7_35,6,,,,,2009
2015-10-07 22:53:14.083000,la-2009-05-02-special-general,2009-05-02 00:00:00,2009-05-02 00:00:00,general,certified,True,State House,97,Leroy Doucette,,,,,D,Orleans,07 34,ocd-division/country:us/state:la/parish:orleans/precinct:7_34,2,,,,,2009
2015-10-07 22:53:14.083000,la-2009-05-02-special-general,2009-05-02 00:00:00,2009-05-02 00:00:00,general,certified,True,State House,97,Jared Brossett,,,,,D,Orleans,07 34,ocd-division/country:us/state:la/parish:orleans/precinct:7_34,1,,,,,2009
2015-10-07 22:53:14.083000,la-2009-05-02-special-general,2009-05-02 00:00:00,2009-05-02 00:00:00,general,certified,True,State House,97,Leroy Doucette,,,,,D,Orleans,07 29,ocd-division/country:us/state:la/parish:orleans/precinct:7_29,25,,,,,2009
2015-10-07 22:53:14.083000,la-2009-05-02-special-general,2009-05-02 00:00:00,2009-05-02 00:00:00,general,certified,True,State House,97,Jared Brossett,,,,,D,Orleans,07 29,ocd-division/country:us/state:la/parish:orleans/precinct:7_29,22,,,,,2009
2015-10-07 22:53:14.083000,la-2009-05-02-special-general,2009-05-02 00:00:00,2009-05-02 00:00:00,general,certified,True,State House,97,Leroy Doucette,,,,,D,Orleans,07 25A,ocd-division/country:us/state:la/parish:orleans/precinct:7_25a,22,,,,,2009
2015-10-07 22:53:14.083000,la-2009-05-02-special-general,2009-05-02 00:00:00,2009-05-02 00:00:00,general,certified,True,State House,97,Jared Brossett,,,,,D,Orleans,07 25A,ocd-division/country:us/state:la/parish:orleans/precinct:7_25a,42,,,,,2009
2015-10-07 22:53:14.083000,la-2009-05-02-special-general,2009-05-02 00:00:00,2009-05-02 00:00:00,general,certified,True,State House,97,Leroy Doucette,,,,,D,Orleans,07 25,ocd-division/country:us/state:la/parish:orleans/precinct:7_25,42,,,,,2009
2015-10-07 22:53:14.083000,la-2009-05-02-special-general,2009-05-02 00:00:00,2009-05-02 00:00:00,general,certified,True,State House,97,Jared Brossett,,,,,D,Orleans,07 25,ocd-division/country:us/state:la/parish:orleans/precinct:7_25,42,,,,,2009
